{"cameraMode":{"drawMode":0,"name":"Shaded","section":"Shading Mode"},"sceneLighting":true,"audioPlay":false,"sceneViewState":{"m_AlwaysRefresh":false,"showFog":true,"showSkybox":true,"showFlares":true,"showImageEffects":true,"showParticleSystems":true,"showVisualEffectGraphs":true,"m_FxEnabled":true},"in2DMode":false,"pivot":{"x":6.685142517089844,"y":-0.021218538284301759,"z":-0.10107946395874024},"rotation":{"x":0.09097756445407868,"y":-0.0924777090549469,"z":0.00848549883812666,"w":0.991515576839447},"size":3.4001331329345705,"orthographic":false}